Model,Accuracy,Precision,Recall,F1-Score,AUC-Score
Gradient Boosting,0.717948717948718,0.5238095238095238,0.38596491228070173,0.4444444444444444,0.6519196542079838
Random Forest,0.6512820512820513,0.4098360655737705,0.43859649122807015,0.423728813559322,0.6256038647342995
XGBoost,0.6615384615384615,0.40425531914893614,0.3333333333333333,0.36538461538461536,0.5968726163234173
