Model,Best CV Score,Test Score,Improvement
Gradient Boosting,0.4170652577460089,0.4444444444444444,0.02737918669843553
Random Forest,0.4013428495902723,0.423728813559322,0.022385963969049738
XGBoost,0.36063783395411697,0.36538461538461536,0.004746781430498392
